{
  "overall_metrics": {
    "precision@1": 0.9166666666666666,
    "recall@1": 0.18333333333333335,
    "hit_rate@1": 0.9166666666666666,
    "precision@3": 0.5277777777777777,
    "recall@3": 0.3166666666666667,
    "hit_rate@3": 0.9166666666666666,
    "precision@5": 0.41666666666666674,
    "recall@5": 0.41666666666666674,
    "hit_rate@5": 0.9166666666666666,
    "mrr": 0.9166666666666666
  },
  "product_metrics": {
    "CloudSync Pro": {
      "precision@1": 0.75,
      "recall@1": 0.15000000000000002,
      "hit_rate@1": 0.75,
      "precision@3": 0.5833333333333334,
      "recall@3": 0.35,
      "hit_rate@3": 0.75,
      "precision@5": 0.5,
      "recall@5": 0.5,
      "hit_rate@5": 0.75,
      "mrr": 0.75
    },
    "DataVault": {
      "precision@1": 1.0,
      "recall@1": 0.20000000000000004,
      "hit_rate@1": 1.0,
      "precision@3": 0.5555555555555555,
      "recall@3": 0.3333333333333333,
      "hit_rate@3": 1.0,
      "precision@5": 0.4666666666666666,
      "recall@5": 0.4666666666666666,
      "hit_rate@5": 1.0,
      "mrr": 1.0
    },
    "TeamChat": {
      "precision@1": 1.0,
      "recall@1": 0.20000000000000004,
      "hit_rate@1": 1.0,
      "precision@3": 0.4444444444444444,
      "recall@3": 0.26666666666666666,
      "hit_rate@3": 1.0,
      "precision@5": 0.26666666666666666,
      "recall@5": 0.26666666666666666,
      "hit_rate@5": 1.0,
      "mrr": 1.0
    },
    "ProjectHub": {
      "precision@1": 1.0,
      "recall@1": 0.2,
      "hit_rate@1": 1.0,
      "precision@3": 0.5,
      "recall@3": 0.30000000000000004,
      "hit_rate@3": 1.0,
      "precision@5": 0.4,
      "recall@5": 0.4,
      "hit_rate@5": 1.0,
      "mrr": 1.0
    }
  },
  "total_test_cases": 12,
  "k_values": [
    1,
    3,
    5
  ]
}